date,Strategy,SP500,Strategy_CumPnL,SP500_CumPnL
2015-03-30,0.004911568512655191,-0.003965394677666545,0.004911568512655191,-0.003965394677666545
2015-03-31,0.001096754256794665,0.0035296573756244953,0.006008322769449856,-0.00043573730204204963
2015-04-01,-0.00148819027071704,0.006608739404729613,0.004520132498732816,0.006173002102687564
2015-04-02,0.0033687831998178972,-0.0020618853995443276,0.007888915698550714,0.004111116703143236
2015-04-06,-0.001964453346756495,0.0026826178882932705,0.005924462351794219,0.006793734591436507
2015-04-07,0.0015301879735123802,0.004457466737115112,0.0074546503253065995,0.011251201328551619
2015-04-08,-0.00242143048115203,0.005202804158417784,0.005033219844154569,0.016454005486969403
2015-04-09,0.004950617276548706,-0.004581220326727142,0.009983837120703276,0.01187278516024226
2015-04-10,0.0026579733679378934,0.0016296841471401535,0.012641810488641169,0.013502469307382414
2015-04-13,0.00995929597182244,0.005148293762882616,0.022601106460463607,0.01865076307026503
2015-04-14,0.0036649023660493604,-0.0007784945624055295,0.02626600882651297,0.0178722685078595
2015-04-15,-0.002477461782329344,-0.01131121763048748,0.023788547044183626,0.006561050877372021
2015-04-16,-0.0022533287024730855,0.009235145446333526,0.02153521834171054,0.015796196323705547
2015-04-17,-0.0014060725786774904,-0.0014806703485050754,0.02012914576303305,0.014315525975200472
2015-04-20,-0.0037344447403712803,0.00508751770141469,0.01639470102266177,0.01940304367661516
2015-04-21,-0.002978561543393275,0.002357729748192483,0.013416139479268493,0.021760773424807645
2015-04-22,0.007823273969747845,0.00225279588060201,0.021239413449016337,0.024013569305409654
2015-04-23,0.00321192052600479,-0.004141304912428145,0.024451333975021125,0.01987226439298151
2015-04-24,0.0004928344479278549,0.0027691899171140566,0.02494416842294898,0.022641454310095566
2015-04-27,0.0015253941152217401,-0.003740377158637509,0.026469562538170722,0.018901077151458057
2015-04-28,-0.0028586470405583047,-0.010128865367728945,0.023610915497612416,0.008772211783729111
2015-04-29,0.00301945663434327,0.010922987662490113,0.026630372131955685,0.019695199446219225
2015-04-30,0.0019382258630738802,0.0029407719051932624,0.028568597995029567,0.022635971351412487
2015-05-01,-0.00376847426820652,-0.011837369767650707,0.024800123726823046,0.01079860158376178
2015-05-04,-0.000857444693643775,-0.0044556966871822645,0.023942679033179273,0.006342904896579515
2015-05-05,0.0048004588130387054,0.0037737663149290945,0.02874313784621798,0.01011667121150861
2015-05-06,0.0007312736567540657,0.01345785440613012,0.029474411502972045,0.02357452561763873
2015-05-07,-0.0006560537703996199,-0.005089551533481451,0.028818357732572426,0.01848497408415728
2015-05-08,0.0019251701711534854,-0.002949656348410934,0.03074352790372591,0.015535317735746346
2015-05-11,0.0013537272648566651,-0.00030488966805131135,0.03209725516858258,0.015230428067695034
2015-05-12,-0.00298536097430067,0.010779230681254859,0.029111894194281906,0.026009658748949893
2015-05-13,-0.000158257406952956,0.0007684691905143204,0.02895363678732895,0.026778127939464214
2015-05-14,-0.0008013793325333306,0.003047961822747025,0.028152257454795618,0.02982608976221124
2015-05-15,-0.0028241261908406802,-0.0006434341536727395,0.025328131263954938,0.0291826556085385
2015-05-18,-0.00026290995235568506,-0.0009305254649102368,0.025065221311599252,0.028252130143628262
2015-05-19,-0.0024554695977003853,0.002337888374062347,0.022609751713898868,0.03059001851769061
2015-05-20,-0.0010052892834529399,-0.0022338817919862475,0.021604462430445927,0.02835613672570436
2015-05-21,-0.0009789291579760048,-0.01028192995494015,0.020625533272469923,0.018074206770764212
2015-05-22,-0.003522488272333995,0.00916262712669913,0.017103045000135927,0.02723683389746334
2015-05-26,0.00193560849954957,-0.0012667884792887385,0.019038653499685497,0.025970045418174603
2015-05-27,0.0029557118896548704,-0.006318400218786491,0.021994365389340367,0.019651645199388112
2015-05-28,0.002129113216568335,0.0020594194714789182,0.024123478605908702,0.02171106467086703
2015-05-29,0.002893575585885905,-0.0010086516742198182,0.027017054191794607,0.020702412996647213
2015-06-01,0.0024292781514748804,0.0021188850967008843,0.029446332343269488,0.022821298093348097
2015-06-02,0.006005402209471765,-0.008623177094419732,0.035451734552741254,0.014198120998928365
2015-06-03,-0.0022251285963934358,-0.0014361783342240475,0.03322660595634782,0.012761942664704318
2015-06-04,-0.0010875098326798747,-0.00647448669982742,0.03213909612366794,0.006287455964876898
2015-06-05,-0.001943387554657695,0.00041841406640763523,0.030195708569010247,0.006705870031284533
2015-06-08,-0.004726113171269105,0.012042400788404573,0.025469595397741143,0.018748270819689106
2015-06-09,-0.0006875242328256799,0.001738552156564932,0.024782071164915462,0.020486822976254038
2015-06-10,0.004056937759816591,-0.006994300238043261,0.028839008924732054,0.013492522738210777
2015-06-11,0.0010105007900131052,-0.004622488789987278,0.02984950971474516,0.008870033948223499
2015-06-12,0.00022111349715410998,0.005689804886707783,0.03007062321189927,0.014559838834931282
2015-06-15,0.00045672364176173005,0.001979687924857698,0.030527346853661,0.01653952675978898
2015-06-16,0.0013586565554968004,0.009902687056045245,0.0318860034091578,0.026442213815834226
2015-06-17,0.0043756418323353105,-0.005303501725405946,0.03626164524149311,0.02113871209042828
2015-06-18,0.0017720739218121356,0.006094815615239835,0.038033719163305245,0.027233527705668115
2015-06-19,-0.0015929545650467452,0.0006359375368019116,0.0364407645982585,0.027869465242470026
2015-06-22,-0.001005120918401555,-0.0073533565577629245,0.035435643679856944,0.0205161086847071
2015-06-23,-0.0076012115741576885,-0.002973565148109092,0.027834432105699254,0.01754254353659801
2015-06-24,0.001441254135642905,-0.0003900471386237836,0.02927568624134216,0.017152496397974226
2015-06-25,-0.0017465551944372908,-0.020866147352592623,0.02752913104690487,-0.003713650954618397
2015-06-26,0.0036158816397931955,0.0026583853346553443,0.031145012686698066,-0.0010552656199630528
2015-06-29,-0.004246994283753855,0.0069361304050681305,0.026898018402944212,0.005880864785105078
2015-06-30,0.008503388856109245,-0.0003080744384861278,0.035401407259053455,0.00557279034661895
2015-07-01,-0.005966652748474325,-0.003861747512976854,0.029434754510579128,0.0017110428336420958
2015-07-02,0.004628800241116264,0.006080937373112327,0.03406355475169539,0.007791980206754423
2015-07-06,-0.00038599818988297417,-0.016652733335255188,0.03367755656181241,-0.008860753128500765
2015-07-07,-0.0019546369194094752,0.002262200246252455,0.03172291964240294,-0.00659855288224831
2015-07-08,-0.004726437252981891,0.012338456888524973,0.026996482389421046,0.005739904006276664
2015-07-09,-0.003133133890285235,0.011066059269389639,0.023863348499135812,0.016805963275666302
2015-07-10,0.009848885918963855,0.004453229186511587,0.03371223441809967,0.02125919246217789
2015-07-13,-0.005390451019931055,-0.0007349628962278754,0.028321783398168612,0.020524229565950014
2015-07-14,-0.0006601825416951853,0.008014615165606864,0.02766160085647343,0.02853884473155688
2015-07-15,-0.017807766290029912,0.0011062519712468077,0.009853834566443516,0.029645096702803686
2015-07-16,-0.008567672282685351,0.0007711695444458933,0.001286162283758165,0.03041626624724958
2015-07-17,-0.0013126772819559349,-0.0042616573007311365,-2.6514998197769936e-05,0.026154608946518443
2015-07-20,-0.0038137251308608807,-0.002387682202330099,-0.003840240129058651,0.023766926744188344
2015-07-21,0.0041562796911621906,-0.005676040016082129,0.00031603956210353966,0.018090886728106215
2015-07-22,-0.01742956701739828,-0.010703327545608099,-0.017113527455294743,0.007387559182498116
2015-07-23,-0.0045559416308361,-0.0057750102180655905,-0.021669469086130842,0.0016125489644325253
2015-07-24,0.013213165243571726,0.012386102029366963,-0.008456303842559116,0.013998650993799489
2015-07-27,0.0005561219545904704,0.007318762689597635,-0.007900181887968646,0.021317413683397124
2015-07-28,-0.012740047513444153,2.845530383144279e-05,-0.0206402294014128,0.021345868987228567
2015-07-29,-0.003966434022284905,-0.0022716171163267296,-0.024606663423697703,0.019074251870901837
2015-07-30,-0.008550266808820015,-0.002756863639820639,-0.033156930232517715,0.016317388231081198
2015-07-31,-0.006128267942275676,-0.0022497187851517886,-0.03928519817479339,0.01406766944592941
2015-08-03,-0.015081591634199375,0.003114669520188018,-0.05436678980899276,0.017182338966117428
2015-08-04,-0.004245910764293686,-0.007752971654983343,-0.05861270057328645,0.009429367311134085
2015-08-05,0.007284900170452855,-0.0028748872122712488,-0.05132780040283359,0.006554480098862836
2015-08-06,0.007797240437151515,0.012808232694927035,-0.04353055996568208,0.01936271279378987
2015-08-07,-0.01054131159958436,-0.009557167162504987,-0.05407187156526644,0.009805545631284884
2015-08-10,0.005792136448013385,0.0009500640573494312,-0.04827973511725305,0.010755609688634316
2015-08-11,-0.0007953418980798099,-0.0012751372210638712,-0.04907507701533286,0.009480472467570444
2015-08-12,-0.0022979796679375502,0.0039118935964941315,-0.05137305668327041,0.013392366064064576
2015-08-13,0.0004882037486186058,0.005211470973541132,-0.05088485293465181,0.01860383703760571
2015-08-14,-0.0010749012410738253,-0.0026255208234241545,-0.05195975417572563,0.015978316214181554
2015-08-17,-0.005042363959066672,-0.008254964424012301,-0.05700211813479231,0.007723351790169253
2015-08-18,-0.008000263664171801,-0.021100110116800797,-0.06500238179896412,-0.013376758326631544
2015-08-19,0.010192615841369976,-0.031850982202944356,-0.05480976595759414,-0.0452277405295759
2015-08-20,-0.00276384246156881,-0.03941366590728046,-0.05757360841916295,-0.08464140643685636
2015-08-21,0.00742815849894586,-0.013522007595565322,-0.05014544992021709,-0.09816341403242168
2015-08-24,0.0049788090010020256,0.03903384539598753,-0.045166640919215066,-0.05912956863643415
2015-08-25,0.003033762191970455,0.024297736162143035,-0.04213287872724461,-0.03483183247429111
2015-08-26,0.0038681912427031753,0.0006087560246721413,-0.03826468748454143,-0.03422307644961897
2015-08-27,-0.0005199674876618898,-0.008391699809439435,-0.038784654972203327,-0.04261477625905841
2015-08-28,0.0019603298092507196,-0.029576407832956453,-0.03682432516295261,-0.07219118409201486
2015-08-31,-0.0023676811486580502,0.018292969668469272,-0.039192006311610655,-0.05389821442354559
2015-09-01,-0.00017073774703889522,0.0011647835144650287,-0.03936274405864955,-0.05273343090908056
2015-09-02,-0.005840033773505345,-0.015329578244401953,-0.04520277783215489,-0.06806300915348251
2015-09-03,-0.00106070660731687,0.025083020164270664,-0.046263484439471765,-0.04297998898921185
2015-09-04,-0.0024637996571635805,-0.013897563229596788,-0.04872728409663535,-0.056877552218808636
2015-09-08,-0.004388339361213051,0.005277955139955992,-0.0531156234578484,-0.051599597078852644
2015-09-09,0.0031305821252664654,0.0044870382986135215,-0.049985041332581935,-0.04711255878023912
2015-09-10,0.000576734667664315,-0.0040896458529868784,-0.04940830666491762,-0.051202204633226
2015-09-11,0.00026180507638529993,0.012831344116577714,-0.04914650158853232,-0.038370860516648286
2015-09-14,0.004185233032593415,0.008705367298757816,-0.044961268555938905,-0.02966549321789047
2015-09-15,0.00128458208530519,-0.0025610055580335134,-0.04367668647063371,-0.032226498775923984
2015-09-16,0.00024079157798141996,-0.016164204602552523,-0.043435894892652295,-0.04839070337847651
2015-09-17,7.375695686910957e-05,0.004565813598361723,-0.04336213793578318,-0.043824889780114784
2015-09-18,-0.0009636174385746796,-0.01231843902042229,-0.04432575537435786,-0.05614332880053707
2015-09-21,-0.007094989888252515,-0.002048652933485662,-0.051420745262610375,-0.058191981734022735
2015-09-22,0.0036363569288129804,-0.0033629742722152134,-0.0477843883337974,-0.06155495600623795
2015-09-23,0.0006139931528186852,-0.0004657806483666649,-0.04717039518097871,-0.062020736654604613
2015-09-24,-0.004027884355843035,-0.02566611782492978,-0.051198279536821746,-0.08768685447953439
2015-09-25,0.006724059727214951,0.0012328818080848958,-0.044474219809606794,-0.0864539726714495
2015-09-28,0.00771246625839423,0.0190755218699743,-0.03676175355121256,-0.0673784508014752
2015-09-29,0.00480073285515021,0.001973927490716232,-0.03196102069606235,-0.06540452331075897
2015-09-30,0.01603446498564802,0.014315268580220586,-0.015926555710414333,-0.05108925473053838
2015-10-01,0.00317278480411999,0.01828980813381431,-0.012753770906294343,-0.03279944659672407
2015-10-02,-0.0022858627307347904,-0.0035882338139452408,-0.015039633637029133,-0.03638768041066931
2015-10-05,0.0023859944203014705,0.008035678209220576,-0.012653639216727661,-0.028352002201448734
2015-10-06,0.0024492006076020606,0.008818386335509576,-0.0102044386091256,-0.019533615865939158
2015-10-07,0.005435278365128665,0.0007251307470337309,-0.004769160243996935,-0.018808485118905427
2015-10-08,0.000979583226939505,0.0012755038736604885,-0.0037895770170574303,-0.01753298124524494
2015-10-09,0.0023838343557067054,-0.006825414134604912,-0.0014057426613507248,-0.02435839537984985
2015-10-12,-4.071815729436452e-05,-0.004716298429397803,-0.0014464608186450893,-0.029074693809247654
2015-10-13,0.00107809608181217,0.01485277599486512,-0.00036836473683291926,-0.014221917814382534
2015-10-14,0.002524306679368355,0.004570474242289402,0.0021559419425354357,-0.009651443572093132
2015-10-15,0.00362752025409314,0.00027052151629769483,0.005783462196628576,-0.009380922055795438
2015-10-16,0.006998614791937256,-0.001421083170244808,0.012782076988565831,-0.010802005226040245
2015-10-19,0.00472232895391359,-0.005825376581296671,0.01750440594247942,-0.016627381807336916
2015-10-20,-0.0009241951679578711,0.016627537222502875,0.01658021077452155,1.5541516595884985e-07
2015-10-21,-0.003989280001517419,0.011030396928638497,0.01259093077300413,0.011030552343804456
2015-10-22,-0.00113431493040616,-0.0019131147145990957,0.01145661584259797,0.00911743762920536
2015-10-23,-0.0031170016473292704,-0.0025540995953997614,0.0083396141952687,0.006563338033805599
2015-10-26,0.0029519965659256303,0.011839933394323987,0.01129161076119433,0.018403271428129586
2015-10-27,0.0002456512702163451,-0.00044968545937285054,0.011537262031410676,0.017953585968756736
2015-10-28,-0.00087433075631164,-0.0048099702786910115,0.010662931275099036,0.013143615690065724
2015-10-29,-0.004160627748849995,0.011873845798707316,0.006502303526249041,0.02501746148877304
2015-10-30,-0.0002494591084470205,0.002728072051519481,0.006252844417802021,0.027745533540292522
2015-11-02,-0.00530523622070016,-0.0035453765540646165,0.0009476081971018608,0.024200156986227905
2015-11-03,-0.004468932062692845,-0.0011320880364932284,-0.003521323865590984,0.023068068949734677
2015-11-04,-0.0031576469640057954,-0.00034763063530685034,-0.0066789708295967795,0.022720438314427827
2015-11-05,0.0074977793813012904,-0.00982278963414629,0.0008188085517045109,0.012897648680281537
2015-11-06,0.001796243483510185,0.0015106466914911465,0.002615052035214696,0.014408295371772684
2015-11-09,-0.0063474875923558395,-0.0032280998405164185,-0.0037324355571411436,0.011180195531256265
2015-11-10,-0.001515656599657295,-0.01399036144578314,-0.005248092156798438,-0.0028101659145268743
2015-11-11,-0.0027275824323962756,-0.011207397957936904,-0.007975674589194714,-0.014017563872463779
2015-11-12,0.0006174905275686347,0.014903313824738973,-0.0073581840616260795,0.0008857499522751944
2015-11-13,6.26105989796705e-05,-0.0013393792099123392,-0.007295573462646409,-0.0004536292576371448
2015-11-16,-0.0009202838979512401,0.016162384658902518,-0.008215857360597649,0.015708755401265373
2015-11-17,7.887997404246332e-05,-0.0011230670288638889,-0.008136977386555186,0.014585688372401484
2015-11-18,-0.01112480917447655,0.0038102285176147,-0.019261786561031738,0.018395916890016184
2015-11-19,0.0025314875865867954,-0.0012349401915593416,-0.016730298974444942,0.017160976698456842
2015-11-20,0.011258386794464505,0.0012220896294909966,-0.0054719121799804375,0.01838306632794784
2015-11-23,3.303723331044982e-05,-0.0001292397828771552,-0.005438874946669988,0.018253826545070684
2015-11-24,-0.0034616775693930356,0.0005936223891387371,-0.008900552516063023,0.01884744893420942
2015-11-25,0.005406351851677531,-0.004640904067250151,-0.003494200664385492,0.01420654486695927
2015-11-27,0.0020759054262920506,0.010680586999677999,-0.0014182952380934416,0.02488713186663727
2015-11-30,-0.004419468706198541,-0.010995752937987158,-0.0058377639442919824,0.013891378928650111
2015-12-01,-0.004925135112602125,-0.014373578391063457,-0.010762899056894107,-0.0004821994624133463
2015-12-02,-0.027500886428660287,0.020525755993794137,-0.0382637854855544,0.02004355653138079
2015-12-03,-0.012518953547503889,-0.00698956346303703,-0.050782739033058286,0.013053993068343761
2015-12-04,-0.00041258971533650497,-0.006489911269239812,-0.05119532874839479,0.006564081799103949
2015-12-07,0.018241060099632004,-0.007738940390290883,-0.03295426864876279,-0.0011748585911869336
2015-12-08,0.0034085620993568504,0.00225139430167709,-0.02954570654940594,0.0010765357104901563
2015-12-09,-0.0020749161727360256,-0.01942277425044958,-0.031620622722141965,-0.018346238539959425
2015-12-10,-0.011058568933917736,0.00475558669628362,-0.0426791916560597,-0.013590651843675805
2015-12-11,0.00759926621536669,0.010618514891638675,-0.03507992544069301,-0.00297213695203713
2015-12-14,0.002977534221611135,0.014514952946300674,-0.03210239121908187,0.011542815994263544
2015-12-15,-0.0026968211690039197,-0.015040495497016582,-0.03479921238808579,-0.003497679502753037
2015-12-16,-0.005254920767383774,-0.017797236873680844,-0.04005413315546956,-0.02129491637643388
2015-12-17,-0.0061028408008739,0.007778414898656383,-0.04615697395634346,-0.013516501477777498
2015-12-18,0.0023754072829809555,0.008816762734086936,-0.043781566673362506,-0.0046997387436905624
2015-12-21,0.028592295546009845,0.012418034595898853,-0.01518927112735266,0.00771829585220829
2015-12-22,-0.00440688574066622,-0.0015986125980361754,-0.019596156868018882,0.006119683254172115
2015-12-23,-0.0022858941515752,-0.0021785646703768036,-0.021882051019594083,0.003941118583795311
2015-12-24,-0.0002313523466739904,0.010629710673474513,-0.02211340336626807,0.014570829257269824
2015-12-28,0.00094770220289766,-0.007217228968994793,-0.021165701163370413,0.007353600288275031
2015-12-29,0.001259439395755335,-0.009411833126550917,-0.019906261767615077,-0.0020582328382758863
2015-12-30,-0.00375844864986981,-0.01530377604039257,-0.023664710417484885,-0.017362008878668456
2015-12-31,-0.00282161085430417,0.002012262379140095,-0.026486321271789057,-0.01534974649952836
2016-01-04,0.007788849526093807,-0.013115420660382515,-0.01869747174569525,-0.028465167159910876
2016-01-05,-0.008108965071017517,-0.023700421050516063,-0.026806436816712766,-0.05216558821042694
2016-01-06,-0.0009295847401893351,-0.01083840686741222,-0.0277360215569021,-0.06300399507783916
2016-01-07,-0.0022262914183442456,0.0008532645172032449,-0.029962312975246347,-0.062150730560635914
2016-01-08,0.002350752765053535,0.007802793618448156,-0.02761156021019281,-0.05434793694218776
2016-01-11,-0.00928320446879014,-0.024965440402748285,-0.03689476467898295,-0.07931337734493604
2016-01-12,0.02709687011255274,0.01669593922593471,-0.00979789456643021,-0.06261743811900133
2016-01-13,-0.01934098413264866,-0.02159909253631931,-0.02913887869907887,-0.08421653065532064
2016-01-14,-0.010342181376369435,0.0005318215419634065,-0.039481060075448306,-0.08368470911335724
2016-01-15,0.0006061488710322248,-0.011693854879261001,-0.03887491120441608,-0.09537856399261824
2016-01-19,-0.0063500564176387116,0.005195419855539507,-0.04522496762205479,-0.09018314413707873
2016-01-20,0.0018676138820934258,0.020283682630725774,-0.043357353739961364,-0.06989946150635296
2016-01-21,-0.0012233472831588905,-0.015637946405160252,-0.044580701023120256,-0.08553740791151321
2016-01-22,-0.0026188947913881665,0.014144309246276299,-0.04719959581450842,-0.07139309866523691
2016-01-25,-0.0007718142585605501,-0.010863455608495332,-0.047971410073068974,-0.08225655427373224
2016-01-26,-0.011956497517164285,0.005528558910220527,-0.05992790759023326,-0.07672799536351171
2016-01-27,-0.00385587704185876,0.02476021464486422,-0.06378378463209203,-0.051967780718647494
2016-01-28,0.013012001508948046,-0.00044324413474616797,-0.05077178312314398,-0.05241102485339366
2016-01-29,-0.0027454125101450395,-0.018743103466056232,-0.05351719563328902,-0.0711541283194499
2016-02-01,-0.005558186119503296,0.004992039011471272,-0.05907538175279232,-0.06616208930797862
2016-02-02,-0.002177819876387245,0.0015267734362336416,-0.06125320162917956,-0.06463531587174498
2016-02-03,-0.0029034920268417547,-0.018481296823200877,-0.06415669365602132,-0.08311661269494586
2016-02-04,-0.001586672898811725,-0.014153878886199789,-0.06574336655483305,-0.09727049158114565
2016-02-05,0.008441502078097915,-0.0006636308701657434,-0.05730186447673514,-0.09793412245131139
2016-02-08,0.01325772508891162,-0.0001889634544679497,-0.04404413938782352,-0.09812308590577934
2016-02-09,0.01725588144918444,-0.01230114587495812,-0.02678825793863908,-0.11042423178073746
2016-02-10,0.0004960605092393407,0.01951800905373191,-0.026292197429399738,-0.09090622272700555
2016-02-11,0.004236077919688901,0.01651669365823305,-0.022056119509710835,-0.0743895290687725
2016-02-12,-0.0032144780504055545,0.01648044398020665,-0.02527059756011639,-0.05790908508856585
2016-02-16,0.006227742893551371,-0.004665718645228911,-0.01904285466656502,-0.06257480373379476
2016-02-17,-0.0003289264227150242,-2.60711324778784e-05,-0.019371781089280043,-0.06260087486627264
2016-02-18,-0.0026848552042074503,0.01445421268341529,-0.022056636293487492,-0.04814666218285735
2016-02-19,-0.0015387271786776657,-0.012454381906964795,-0.02359536347216516,-0.06060104408982214
2016-02-22,0.0037521059661344597,0.0044397716094042305,-0.0198432575060307,-0.05616127248041791
2016-02-23,-0.007143340752298576,0.011348326251425123,-0.026986598258329275,-0.04481294622899279
2016-02-24,0.0014153762481482301,-0.0018701644719988364,-0.025571222010181045,-0.046683110700991626
2016-02-25,-0.002469438035868545,-0.008120941454274777,-0.02804066004604959,-0.0548040521552664
2016-02-26,-0.009367835101408352,0.023868794087660294,-0.03740849514745794,-0.03093525806760611
2016-02-29,0.004567175563177566,0.00409432102509677,-0.032841319584280375,-0.02684093704250934
2016-03-01,-0.00285805866711112,0.003498703717687457,-0.035699378251391495,-0.02334223332482188
2016-03-02,-0.01019885033908691,0.0033059095013543427,-0.0458982285904784,-0.02003632382346754
2016-03-03,-0.0064406308060497705,0.0008850044250221512,-0.05233885939652817,-0.019151319398445388
2016-03-04,0.017173992497551062,-0.011240108704340224,-0.03516486689897711,-0.03039142810278561
2016-03-07,-0.003815495719587826,0.005052393318714987,-0.03898036261856494,-0.025339034784070624
2016-03-08,0.00462966132507262,0.00015583684385145347,-0.03435070129349232,-0.02518319794021917
2016-03-09,0.0019904826312464254,0.016395502545776264,-0.03236021866224589,-0.008787695394442907
2016-03-10,-0.00318242858487978,-0.0012610091039911842,-0.03554264724712567,-0.010048704498434091
2016-03-11,0.0020366387520754548,-0.0018369610425620353,-0.03350600849505021,-0.011885665540996126
2016-03-14,-0.008732503882698294,0.005600392870784177,-0.042238512377748505,-0.00628527267021195
2016-03-15,-0.004700806819215795,0.0065952387999328455,-0.0469393191969643,0.00030996612972089554
2016-03-16,0.0067197302393587404,0.004405588579773578,-0.04021958895760556,0.004715554709494474
2016-03-17,0.004257474134706196,0.0009855677748611402,-0.03596211482289936,0.005701122484355614
2016-03-18,0.004835562645881698,-0.0008773640085785184,-0.031126552177017666,0.004823758475777096
2016-03-21,0.007439329402253721,-0.006385988876963622,-0.023687222774763945,-0.0015622304011865262
2016-03-22,-0.00691579671250415,-0.00037806069592627445,-0.030603019487268096,-0.0019402910971128007
2016-03-23,0.00281009554928052,0.0005452027073489241,-0.027792923937987577,-0.0013950883897638766
2016-03-24,3.1340306421745e-05,0.008816671166638201,-0.027761583631565834,0.007421582776874325
2016-03-28,0.00112525218786656,0.004350343793947387,-0.026636331443699274,0.011771926570821711
2016-03-29,0.0018689873802582803,-0.0020397780953995692,-0.024767344063440996,0.009732148475422142
2016-03-30,-0.00989650713768282,0.006330896132521691,-0.034663851201123815,0.016063044607943833
2016-03-31,-0.0006277795789630601,-0.0032082517199124583,-0.035291630780086874,0.012854792888031374
2016-04-01,-2.8271393129230125e-05,-0.010144569799577008,-0.0353199021732161,0.0027102230884543665
2016-04-04,0.0021404194413520553,0.010507683957812652,-0.033179482731864045,0.013217907046267019
2016-04-05,-0.006554145841248185,-0.011975845083371128,-0.03973362857311223,0.0012420619628958907
2016-04-06,0.0008052072169649996,0.0027866066574921966,-0.038928421356147234,0.004028668620388087
2016-04-07,0.002400658065135685,-0.002739792928306284,-0.03652776329101155,0.0012888756920818034
2016-04-08,-0.005188121914893816,0.00966214330138726,-0.04171588520590537,0.010951018993469064
2016-04-11,0.0013255237971376856,0.010040160642570406,-0.040390361408767686,0.02099117963603947
2016-04-12,-0.005434351382855655,0.00017287578874580767,-0.04582471279162334,0.021164055424785277
2016-04-13,0.005261081509751441,-0.00098426141983321,-0.0405636312818719,0.020179794004952067
2016-04-14,0.0009245231871347249,0.006540973600611455,-0.03963910809473717,0.026720767605563522
2016-04-15,0.003905653856332515,0.0030845039487379378,-0.035733454238404655,0.02980527155430146
2016-04-18,0.0033593711098373253,0.0007616146230007281,-0.03237408312856733,0.03056688617730219
2016-04-19,0.00927895851305736,-0.005194063926940662,-0.023095124615509968,0.025372822250361526
2016-04-20,0.00215020440702048,4.7813031919918814e-05,-0.02094492020848949,0.025420635282281445
2016-04-21,0.003173002068085105,-0.0018120272712495167,-0.017771918140404384,0.02360860801103193
2016-04-22,-0.006924775177081065,0.001872793719674748,-0.02469669331748545,0.025481401730706676
2016-04-25,0.00012517676984465507,0.001649376105560263,-0.024571516547640795,0.02713077783626694
2016-04-26,-0.0015565179882281303,-0.00923084266043006,-0.026128034535868927,0.01789993517583688
2016-04-27,-0.00731731754285085,-0.00506308380824827,-0.03344535207871978,0.012836851367588609
2016-04-28,-0.0024121645096385202,0.007810003389338016,-0.0358575165883583,0.020646854756926625
2016-04-29,0.0006393798248164247,-0.008676727057840061,-0.03521813676354187,0.011970127699086563
2016-05-02,0.00247891404548711,-0.005936889651395494,-0.03273922271805476,0.00603323804769107
2016-05-03,0.002323654533543125,-0.00023889387261577522,-0.030415568184511636,0.005794344175075294
2016-05-04,0.0023633259844033448,0.003174634136826171,-0.02805224220010829,0.008968978311901465
2016-05-05,0.00126167674696968,0.0007534732687128898,-0.02679056545313861,0.009722451580614355
2016-05-06,-0.01141737327261086,0.012483666797817872,-0.03820793872574947,0.022206118378432227
2016-05-09,-0.0017082333500233501,-0.0095615503816463,-0.03991617207577282,0.012644567996785927
2016-05-10,-0.01147612206079063,-0.00016953585925616466,-0.051392294136563446,0.012475032137529762
2016-05-11,-0.010686574997559654,-0.008478230326872227,-0.062078869134123096,0.003996801810657535
2016-05-12,-0.0040155382956325,0.009796688181920254,-0.0660944074297556,0.01379348999257779
2016-05-13,0.0024745230712609157,-0.009411320681679491,-0.06361988435849468,0.004382169310898298
2016-05-16,9.920414136835033e-05,0.00020515726281145064,-0.06352068021712633,0.004587326573709749
2016-05-17,-0.00197705454107553,-0.0037067243593813526,-0.06549773475820185,0.0008806022143283965
2016-05-18,0.0068961274440194,0.006019489813925416,-0.05860160731418245,0.0069000920282538125
2016-05-19,-0.0017949988656303653,-0.002085444764948985,-0.060396606179812816,0.004814647263304828
2016-05-20,-0.006432833639573631,0.013681373410675546,-0.06682943981938645,0.018496020673980373
2016-05-23,0.0013203536376485952,0.006974750248066153,-0.06550908618173786,0.025470770922046526
2016-05-24,-0.0029839658285331803,-0.0002104719354808493,-0.06849305201027103,0.025260298986565677
2016-05-25,-0.0009784017574208952,0.004286876226017977,-0.06947145376769193,0.029547175212583654
2016-05-26,0.001164812364023275,-0.0010004478195001498,-0.06830664140366866,0.028546727393083504
2016-05-27,-0.00038619084837289983,0.001130207538531991,-0.06869283225204155,0.029676934931615495
2016-05-31,-0.000913965779001195,0.002824710741046177,-0.06960679803104275,0.03250164567266167
2016-06-01,0.01209440017035002,-0.0029117543676315805,-0.05751239786069273,0.02958989130503009
2016-06-02,0.0017694665796507813,0.004897266962979874,-0.05574293128104195,0.034487158268009965
2016-06-03,0.0019171022804219645,0.0012894600859958416,-0.05382582900061998,0.03577661835400581
2016-06-06,-0.002351415023683614,0.003309455383901483,-0.056177244024303595,0.03908607373790729
2016-06-07,0.0008545786342910999,-0.0017176941371889187,-0.055322665390012495,0.03736837960071837
2016-06-08,0.000991340151225825,-0.009175222644506098,-0.05433132523878667,0.028193156956212273
2016-06-09,0.0017306163214897703,-0.008115186992800894,-0.0526007089172969,0.02007796996341138
2016-06-10,-0.00314111414272486,-0.0017988898829277566,-0.05574182306002176,0.018279080080483623
2016-06-13,-2.5766649734775297e-05,-0.0018406799915194894,-0.05576758970975654,0.016438400088964134
2016-06-14,-0.0033758759386784453,0.0031329954139511784,-0.059143465648434985,0.019571395502915312
2016-06-15,0.00310704000342438,-0.003257956005563112,-0.05603642564501061,0.0163134394973522
2016-06-16,0.000190530787030705,0.005808171029634712,-0.0558458948579799,0.022121610526986912
2016-06-17,-0.0014635855064593151,0.0027121084843393373,-0.05730948036443922,0.02483371901132625
2016-06-20,-0.0014280709103116009,-0.001651586959643958,-0.05873755127475082,0.02318213205168229
2016-06-21,0.0032043841108410753,0.013364022153492305,-0.05553316716390974,0.0365461542051746
2016-06-22,-0.006269170451765811,-0.03591978498287063,-0.06180233761567555,0.0006263692223039685
2016-06-23,-0.008838672242950056,-0.01809650487628911,-0.0706410098586256,-0.01747013565398514
2016-06-24,0.004819124517416789,0.01777020204544777,-0.06582188534120882,0.0003000663914626278
2016-06-27,0.008919497629046695,0.01703264590465059,-0.05690238771216213,0.017332712296113217
2016-06-28,-0.0026073931057833196,0.013565002390415248,-0.059509780817945446,0.030897714686528466
2016-06-29,-0.0015195572738644692,0.0019486769007937,-0.061029338091809916,0.032846391587322166
2016-06-30,-0.019249097041304015,-0.006847523716683512,-0.08027843513311393,0.025998867870638653
2016-07-01,0.0037186497665956954,0.005352996097771179,-0.07655978536651824,0.03135186396840983
2016-07-05,0.00720778465390003,-0.0008715406266519565,-0.06935200071261821,0.030480323341757876
2016-07-06,0.008717613592327287,0.015253348586681925,-0.06063438712029093,0.0457336719284398
2016-07-07,-0.00021378051983780025,0.0034086107328981097,-0.06084816764012873,0.04914228266133791
2016-07-08,0.015931844833402292,0.007009302064421963,-0.04491632280672644,0.05615158472575987
2016-07-11,0.003338481095179265,0.00013474959807435738,-0.04157784171154717,0.05628633432383423
2016-07-12,0.00427406120592754,0.005259172191430128,-0.03730378050561963,0.06154550651526436
2016-07-13,-0.00110805596925968,-0.0009289428076257877,-0.038411836474879314,0.06061656370763857
2016-07-14,-0.00138605124400217,0.0023823401519147414,-0.039797887718881486,0.06299890385955331
2016-07-15,-0.00518264034888628,-0.001435236675604079,-0.04498052806776777,0.06156366718394923
2016-07-18,-0.00066757885766508,0.004270304744474762,-0.04564810692543285,0.065833971928424
2016-07-19,0.0045268658886086595,-0.0036124840084306165,-0.04112124103682419,0.06222148791999338
2016-07-20,0.003708407578489175,0.004553914935085945,-0.037412833458335015,0.06677540285507932
2016-07-21,-0.0047605724327014305,-0.0030114527155947757,-0.04217340589103644,0.06376395013948455
2016-07-22,0.0042722428252448645,0.0003228067586511507,-0.03790116306579158,0.0640867568981357
2016-07-25,-0.009315792643959823,-0.001198609612849011,-0.0472169557097514,0.06288814728528669
2016-07-26,-0.001340976249468275,0.0016062180948777094,-0.048557931959219675,0.0644943653801644
2016-07-27,0.0020847377670610004,0.0016312913007012764,-0.04647319419215867,0.06612565668086567
2016-07-28,-0.007555988838275715,-0.0012697828487301388,-0.054029183030434386,0.06485587383213554
2016-07-29,0.000536325891505645,-0.006361592747507805,-0.05349285713892874,0.05849428108462773
2016-08-01,0.004246873869354096,0.00313393879547319,-0.04924598326957465,0.06162821988010092
2016-08-02,0.0004651596507627049,0.00021258994634409945,-0.04878082361881194,0.06184080982644502
2016-08-03,-0.00183666197405213,0.008603442301027941,-0.05061748559286407,0.07044425212747296
2016-08-04,0.001591373367391555,-0.0009070627201803738,-0.04902611222547251,0.06953718940729259
2016-08-05,-0.0011798912992847402,0.0003897491391129382,-0.05020600352475725,0.06992693854640553
2016-08-08,0.0005662441234427498,-0.002864685984581117,-0.0496397594013145,0.06706225256182441
2016-08-09,0.0002239220026240749,0.0047345655461528136,-0.049415837398690425,0.07179681810797722
2016-08-10,-0.0005573404382034551,-0.0007960508557545154,-0.04997317783689388,0.07100076725222271
2016-08-11,-0.0014699996572461352,0.002792976351273957,-0.05144317749414001,0.07379374360349666
2016-08-12,0.0017300726057951853,-0.005479076775563363,-0.04971310488834483,0.0683146668279333
2016-08-15,0.0004815539506567249,0.001868558180106783,-0.04923155093768811,0.07018322500804008
2016-08-16,-0.00011262923163998982,0.002199594907937863,-0.049344180169328095,0.07238281991597795
2016-08-17,-0.00022930327574121484,-0.001440316046492529,-0.04957348344506931,0.07094250386948542
2016-08-18,0.00313772133389882,-0.0005632203382069934,-0.04643576211117049,0.07037928353127842
2016-08-19,-0.0008686955740242854,0.0019517648352453953,-0.04730445768519477,0.07233104836652382
2016-08-22,0.0036826742006995155,-0.005240294480771901,-0.043621783484495254,0.06709075388575192
2016-08-23,-0.00140990504440788,-0.001365241054683275,-0.04503168852890314,0.06572551283106864
2016-08-24,-0.0013931062800728203,-0.0015788480393283955,-0.046424794808975954,0.06414666479174025
2016-08-25,0.0016102222063182502,0.005228119352340244,-0.044814572602657705,0.06937478414408049
2016-08-26,-0.0028256972819092055,-0.0019537878718389745,-0.04764026988456691,0.06742099627224152
2016-08-29,0.001629440710964873,-0.0023757880999210057,-0.04601082917360204,0.06504520817232051
2016-08-30,-0.001883086343842685,-4.145650521647504e-05,-0.04789391551744472,0.06500375166710404
2016-08-31,-0.0018787342324018252,0.004201100024874949,-0.04977264974984655,0.06920485169197899
2016-09-01,-0.006542905887629904,0.002981678730997528,-0.05631555563747645,0.07218653042297651
2016-09-02,-0.0022363851674445877,-0.00014635395704520882,-0.058551940804921036,0.0720401764659313
2016-09-06,0.010491394136731494,-0.002223076078603392,-0.04806054666818954,0.06981710038732791
2016-09-07,-0.00019038470051926026,-0.024522073992573334,-0.0482509313687088,0.04529502639475458
2016-09-08,0.0008660611996530249,0.014677062331693191,-0.04738487016905578,0.05997208872644777
2016-09-09,0.0028810777384882403,-0.014830665480954464,-0.04450379243056754,0.045141423245493306
2016-09-12,-5.646333748891483e-05,-0.0005876766556026647,-0.04456025576805645,0.04455374658989064
2016-09-13,-0.00396061351336138,0.01010927804983619,-0.048520869281417835,0.05466302463972683
2016-09-14,-0.00309675007086879,-0.0037722492851356426,-0.05161761935228663,0.05089077535459119
2016-09-15,0.00429567235492622,-1.8698928551330596e-05,-0.047321946997360406,0.05087207642603986
2016-09-16,-0.004408502622973796,0.00029918845132592686,-0.0517304496203342,0.051171264877365785
2016-09-19,-0.00016539990039220008,0.010917112199498868,-0.0518958495207264,0.062088377076864654
2016-09-20,0.0024542103270558053,0.006499870557343135,-0.049441639193670596,0.06858824763420779
2016-09-21,0.001308527454387605,-0.005736778768866024,-0.04813311173928299,0.06285146886534176
2016-09-22,0.00171224828522228,-0.00858783474770064,-0.046420863454060705,0.054263634117641124
2016-09-23,-0.005667049452828501,0.006444247705139627,-0.0520879129068892,0.06070788182278075
2016-09-26,0.0017311782943296452,0.005296467941090732,-0.05035673461255956,0.06600434976387148
2016-09-27,0.005266429345059225,-0.00932130406149101,-0.04509030526750033,0.056683045702380475
2016-09-28,7.642388460565516e-05,0.007967905240501505,-0.04501388138289468,0.06465095094288198
2016-09-29,0.002654078069171795,-0.003260664031693561,-0.04235980331372288,0.06139028691118842
2016-09-30,0.00358695431152776,-0.004955580233203749,-0.038772849002195124,0.05643470667798467
2016-10-03,-0.0004966666588399266,0.004296695171798204,-0.03926951566103505,0.06073140184978287
2016-10-04,0.001857912232499465,0.0004815416741907885,-0.037411603428535584,0.06121294352397366
2016-10-05,-0.0016837107656631854,-0.0032534698278855467,-0.03909531419419877,0.057959473696088115
2016-10-06,-0.0005913705754895249,0.004605941292820992,-0.03968668476968829,0.06256541498890911
2016-10-07,0.00202147544764239,-0.012446502685264704,-0.0376652093220459,0.0501189123036444
2016-10-10,0.00425244039578974,0.0011466118788989732,-0.033412768926256164,0.051265524182543376
2016-10-11,0.00138308201053544,-0.0030993184304264343,-0.03202968691572072,0.04816620575211694
2016-10-12,-1.0642451360955011e-05,0.00020163653841631657,-0.03204032936708168,0.04836784229053326
2016-10-13,-4.091595758219527e-05,-0.0030380031692749387,-0.03208124532466387,0.04532983912125832
2016-10-14,0.00010449679143676528,0.006160357394780158,-0.03197674853322711,0.05149019651603848
2016-10-17,0.0019102126810689425,0.0021919985043934442,-0.030066535852158165,0.05368219502043192
2016-10-18,0.002943909110082435,-0.0013757467506726462,-0.02712262674207573,0.052306448269759276
2016-10-19,-0.00788072771462414,-8.405951413614776e-05,-0.03500335445669987,0.05222238875562313
2016-10-20,-0.003336199625058675,0.004749761811354558,-0.03833955408175855,0.056972150566977686
2016-10-21,-0.00062847555292584,-0.0037976507555791406,-0.03896802963468439,0.053174499811398546
2016-10-24,-0.0015069804466008754,-0.0017404206872095873,-0.04047501008128526,0.05143407912418896
2016-10-25,-0.0025820701604748354,-0.0029867768517781723,-0.043057080241760096,0.048447302272410786
2016-10-26,-0.005009138788714756,-0.003108239882983921,-0.04806621903047485,0.045339062389426865
2016-10-27,0.002951363947981775,-0.00012227181023405365,-0.04511485508249308,0.04521679057919281
2016-10-28,5.930899683672004e-05,-0.006786915316417175,-0.04505554608565636,0.03842987526277564
2016-10-31,0.00957060238429739,-0.00652548633341532,-0.03548494370135897,0.03190438892936032
2016-11-01,-0.00482315154408068,-0.0044233867508127744,-0.04030809524543965,0.027481002178547542
2016-11-02,0.003770777169217745,-0.0016661400132141901,-0.0365373180762219,0.025814862165333352
2016-11-03,-1.4784402420584322e-05,0.022223501088635134,-0.03655210247864249,0.048038363253968486
2016-11-04,0.0024201184615833603,0.003771956162738288,-0.03413198401705913,0.051810319416706774
2016-11-07,-0.01756517023002153,0.011077043878180648,-0.05169715424708066,0.06288736329488742
2016-11-08,-0.00869264237526781,0.0019507595018628532,-0.06038979662234847,0.06483812279675027
2016-11-09,-0.0029153297224518695,-0.0013979367745031723,-0.06330512634480033,0.0634401860222471
2016-11-10,-0.016607078318243616,-0.00011550278361704969,-0.07991220466304394,0.06332468323863005
2016-11-11,0.013358653839003316,0.007480824323075508,-0.06655355082404063,0.07080550756170556
2016-11-14,0.008963377862667455,-0.0015822857378724464,-0.05759017296137318,0.06922322182383311
2016-11-15,-0.0011728874745993503,0.004676288735564471,-0.05876306043597253,0.07389951055939759
2016-11-16,-0.000849511884149635,-0.002386700318226631,-0.05961257232012216,0.07151281024117095
2016-11-17,0.004448138974180715,0.007461386864659136,-0.05516443334594145,0.07897419710583009
2016-11-18,0.004955050491525415,0.0021654277629676866,-0.050209382854416035,0.08113962486879778
2016-11-21,-0.005693378168862055,0.0008080111124224576,-0.05590276102327809,0.08194763598122023
2016-11-22,0.0007016598885964001,0.003914329257229898,-0.05520110113468169,0.08586196523845013
2016-11-23,0.006062316196255656,-0.005254478505433036,-0.049138784938426036,0.0806074867330171
2016-11-25,0.00042292074937964506,0.00133531965917566,-0.048715864189046394,0.08194280639219276
2016-11-28,0.0037274389263677403,-0.0026534703763845258,-0.044988425262678655,0.07928933601580823
2016-11-29,-0.0019968408241266,-0.0035155379500729778,-0.046985266086805255,0.07577379806573525
2016-11-30,0.0017956364347285103,0.0003970644613615626,-0.04518962965207674,0.07617086252709682
2016-12-01,0.00412402770870482,0.005821300668354734,-0.04106560194337192,0.08199216319545155
2016-12-02,-0.0026412264157982253,0.0034108794353906458,-0.04370682835917015,0.0854030426308422
2016-12-05,-0.005106993054574261,0.013163188276083426,-0.04881382141374441,0.09856623090692562
2016-12-06,0.0020526479642197955,0.002159412853860454,-0.046761173449524615,0.10072564376078608
2016-12-07,0.002306555492995865,0.005938945503274562,-0.04445461795652875,0.10666458926406064
2016-12-08,0.0028017406653018453,-0.0011374046815045835,-0.0416528772912269,0.10552718458255606
2016-12-09,0.0013401257153708502,0.006539770310506121,-0.04031275157585605,0.11206695489306218
2016-12-12,0.004616176601430535,-0.008117197541950394,-0.035696574974425514,0.10394975735111178
2016-12-13,0.0013173813860927449,0.003883228005396644,-0.03437919358833277,0.10783298535650843
2016-12-14,-0.00047424904397408505,-0.0017506399119374683,-0.03485344263230685,0.10608234544457096
2016-12-15,-0.0006397646889610898,0.001975138060378967,-0.03549320732126794,0.10805748350494992
2016-12-16,-0.00020972648106112456,0.0036375208284531446,-0.035702933802329063,0.11169500433340307
2016-12-19,0.0013730215887977498,-0.002457327062305281,-0.034329912213531315,0.10923767727109779
2016-12-20,-0.009690081093014877,-0.00186298660592088,-0.04401999330654619,0.10737469066517691
2016-12-21,-0.00035319880085866583,0.0012516807020026555,-0.044373192107404855,0.10862637136717956
2016-12-22,-0.0033897365807588455,0.002248441772426002,-0.0477629286881637,0.11087481313960557
2016-12-23,0.0011181583527379753,-0.00835654596100277,-0.04664477033542573,0.1025182671786028
2016-12-27,-0.002256854258825535,-0.00029334376333378653,-0.048901624594251264,0.10222492341526901
2016-12-28,0.00044872706430452986,-0.004637080639855018,-0.048452897529946734,0.09758784277541399
2016-12-29,0.008620632141392465,0.008486575577422162,-0.03983226538855427,0.10607441835283615
2016-12-30,0.0035713127037078005,0.00572230858833489,-0.03626095268484647,0.11179672694117104
2017-01-03,-0.0041569298038267415,-0.0007706704833204681,-0.040417882488673215,0.11102605645785057
2017-01-04,-0.0009580240253417754,0.00351696782723665,-0.04137590651401499,0.11454302428508722
2017-01-05,-0.0029924894900338257,-0.0035485599346501973,-0.044368396004048814,0.11099446435043703
2017-01-06,0.004464604760237245,0.0,-0.03990379124381157,0.11099446435043703
2017-01-09,0.0035551638735009865,0.002829564987438804,-0.03634862737031058,0.11382402933787583
2017-01-10,-0.002601759151277425,-0.002144753265474808,-0.038950386521588005,0.11167927607240102
2017-01-11,-0.002623227698327895,0.0018498617008155804,-0.0415736142199159,0.1135291377732166
2017-01-12,0.0035462830386733153,-0.0029675025498540064,-0.03802733118124259,0.1105616352233626
2017-01-13,-0.0009913128779091003,0.0017637539739581154,-0.03901864405915169,0.11232538919732071
2017-01-17,-0.001581496988602435,-0.0036093296770529637,-0.040600141047754126,0.10871605952026775
2017-01-18,-0.0025052504268462303,0.003366185299223723,-0.04310539147460036,0.11208224481949147
2017-01-19,-0.005979125606365791,-0.0026900775323491777,-0.04908451708096615,0.1093921672871423
2017-01-20,0.0018539160079818055,0.006564541762317022,-0.047230601072984345,0.11595670904945932
2017-01-23,-0.0005567442254604353,0.008026069375062894,-0.04778734529844478,0.12398277842452221
2017-01-24,-0.01895192948857971,-0.0007353037152416642,-0.06673927478702449,0.12324747470928055
2017-01-25,0.0040890655123871356,-0.000866468119198105,-0.06265020927463735,0.12238100659008244
2017-01-26,-0.00436781167532643,-0.006009526341248739,-0.06701802094996379,0.1163714802488337
2017-01-27,0.00663893742506088,-0.0008899995615766487,-0.060379083524902906,0.11548148068725705
2017-01-30,-0.004655632004829315,0.00029839350204285964,-0.06503471552973222,0.11577987418929991
2017-01-31,-0.0030869855353185404,0.0005702879954376794,-0.06812170106505076,0.1163501621847376
2017-02-01,0.001871960466363475,0.007264835478001608,-0.06624974059868728,0.1236149976627392
2017-02-02,-0.0011166164902475413,-0.002115416423640437,-0.06736635708893482,0.12149958123909876
2017-02-03,-0.0041327865513162655,0.00022682067208701362,-0.07149914364025109,0.12172640191118578
2017-02-06,0.007664741075357711,0.0006933905489561187,-0.06383440256489338,0.1224197924601419
2017-02-07,0.008369567519002665,0.0057524611382027135,-0.05546483504589071,0.1281722535983446
2017-02-08,0.0019096830977436171,0.0035660587468098193,-0.0535551519481471,0.13173831234515443
2017-02-09,-0.0025934014498625946,0.005245887483269263,-0.05614855339800969,0.1369841998284237
2017-02-10,0.0021236422620604053,0.004007301621389514,-0.05402491113594929,0.1409915014498132
2017-02-13,0.0007971819795164401,0.004992342508064018,-0.05322772915643285,0.14598384395787722
2017-02-14,-0.0020886647398375216,-0.0008641055656061214,-0.05531639389627037,0.1451197383922711
2017-02-15,-0.003448933735650985,0.0016785814708464297,-0.058765327631921355,0.14679831986311753
2017-02-16,-0.003601136021556025,0.00604807839534538,-0.06236646365347738,0.1528463982584629
2017-02-17,-0.004821884878519166,-0.0010822785345272479,-0.06718834853199654,0.15176411972393566
2017-02-21,-0.004690498442882815,0.00041899086684549225,-0.07187884697487935,0.15218311059078116
2017-02-22,-0.006429577527710626,0.001493351834538359,-0.07830842450258998,0.15367646242531952
2017-02-23,0.0058032431136037154,0.001018020225231675,-0.07250518138898628,0.1546944826505512
2017-02-24,-0.004081199613519525,-0.0025783310475788745,-0.0765863810025058,0.15211615160297232
2017-02-27,0.001552632426127225,0.013673825117192173,-0.07503374857637857,0.1657899767201645
2017-02-28,-0.006414906965917455,-0.0058598641045760624,-0.08144865554229602,0.15993011261558843
2017-03-01,-0.0030359402104859,0.0005037952576072424,-0.08448459575278192,0.16043390787319567
2017-03-02,-0.0018928026375583402,-0.0032772164221692712,-0.08637739839034025,0.1571566914510264
2017-03-03,-0.006648015410013266,-0.0029133039476952893,-0.09302541380035352,0.1542433875033311
2017-03-06,-0.004806642672354471,-0.0022842521713062336,-0.09783205647270798,0.15195913533202487
2017-03-07,-0.00390301128769194,0.0007998374933346764,-0.10173506776039992,0.15275897282535955
2017-03-08,-0.0022434968707872502,0.0032686786165836423,-0.10397856463118717,0.1560276514419432
2017-03-09,0.00028754976386251535,0.00036668633566550035,-0.10369101486732465,0.1563943377776087
2017-03-10,0.0018741921309116992,-0.0033790189048102937,-0.10181682273641296,0.1530153188727984
2017-03-13,0.0060172574372272,0.008374727853051489,-0.09579956529918576,0.1613900467258499
2017-03-14,0.0031409512042031252,-0.001626657052061442,-0.09265861409498263,0.15976338967378845
2017-03-15,-0.0009942000690672046,-0.0013143639402364293,-0.09365281416404984,0.15844902573355202
2017-03-16,-0.001823221474125585,-0.00200988121517931,-0.09547603563817543,0.1564391445183727
2017-03-17,-0.005316390735214116,-0.012407993359932812,-0.10079242637338955,0.1440311511584399
2017-03-20,-0.0012900323296359698,0.0018899156150544716,-0.10208245870302551,0.14592106677349437
2017-03-21,0.002957813474885105,-0.0010602737976110888,-0.0991246452281404,0.14486079297588328
2017-03-22,0.0005589903925363952,-0.0008440041603438031,-0.098565654835604,0.14401678881553948
2017-03-23,-0.0027153967619754334,-0.0010196332733214408,-0.10128105159757944,0.14299715554221804
2017-03-24,0.004877522404744405,0.007251482966702083,-0.09640352919283504,0.15024863850892012
2017-03-27,-0.0031393448817271354,0.0010854034436120763,-0.09954287407456218,0.1513340419525322
2017-03-28,0.004420270387616545,0.0029350353432466836,-0.09512260368694564,0.15426907729577888
2017-03-29,-0.001733988159220195,-0.002255010430479043,-0.09685659184616584,0.15201406686529984
2017-03-30,-0.002803047207414765,-0.0016421751202002621,-0.0996596390535806,0.15037189174509957
2017-03-31,-0.0014516311323112601,0.0005595970900948988,-0.10111127018589186,0.15093148883519447
2017-04-03,-0.001601543532596795,-0.0030548776354145657,-0.10271281371848866,0.1478766111997799
2017-04-04,0.007520560332091607,0.0019294927644020188,-0.09519225338639706,0.14980610396418192
2017-04-05,0.000736181509349635,-0.0008271509105022279,-0.09445607187704742,0.1489789530536797
2017-04-06,0.00045389369995717515,0.0006877403907383783,-0.09400217817709025,0.14966669344441808
2017-04-07,0.0012051952847721803,-0.0014339289653649834,-0.09279698289231807,0.1482327644790531
2017-04-10,0.002328531817418815,-0.0037599095922304926,-0.09046845107489926,0.1444728548868226
2017-04-11,-0.003015448418236525,-0.006814702357852864,-0.09348389949313578,0.13765815252896973
2017-04-12,0.00400580228977789,0.008613323600764389,-0.08947809720335789,0.14627147612973412
2017-04-13,-0.009524312253193562,-0.0029033507733046138,-0.09900240945655145,0.1433681253564295
2017-04-17,-0.0007240319798477051,-0.0017163423974997372,-0.09972644143639915,0.14165178295892977
2017-04-18,0.00406960951197603,0.007557192163101911,-0.09565683192442312,0.14920897512203168
2017-04-19,-0.00127043618435389,-0.0030350108666123976,-0.09692726810877701,0.1461739642554193
2017-04-20,-0.0007643404183930248,0.010840085324159476,-0.09769160852717004,0.15701404957957876
2017-04-21,0.0014759501213828753,0.006090600846618832,-0.09621565840578716,0.1631046504261976
2017-04-24,0.0013133878444810902,-0.0004856380907726221,-0.09490227056130607,0.16261901233542497
2017-04-25,-0.00548072262034105,0.0005528911600243269,-0.10038299318164712,0.1631719034954493
2017-04-26,-0.003115376354839645,-0.0019131184668260692,-0.10349836953648676,0.16125878502862323
2017-04-27,-0.007312886596863575,0.00173223722842053,-0.11081125613335034,0.16299102225704376
2017-04-28,0.0005979088899061151,0.001189115406999841,-0.11021334724344423,0.1641801376640436
2017-05-01,-6.13072763051249e-05,-0.0012713441536987835,-0.11027465451974935,0.16290879351034482
2017-05-02,-0.00688684112325661,0.000582045366039452,-0.11716149564300596,0.16349083887638427
2017-05-03,0.00976467364141477,0.004088687267735702,-0.10739682200159119,0.16757952614411997
2017-05-04,0.0022057666581441755,3.751109703298283e-05,-0.10519105534344701,0.16761703724115296
2017-05-05,-0.004464383676100581,-0.0010252648600889147,-0.1096554390195476,0.16659177238106404
2017-05-08,0.004417502957070155,0.0011306176259533451,-0.10523793606247744,0.16772239000701739
2017-05-09,-0.00021161785976419017,-0.002162833436821554,-0.10544955392224163,0.16555955657019583
2017-05-10,-0.005984821154109295,-0.0014784250179582514,-0.11143437507635093,0.16408113155223758
2017-05-11,-0.0011596932374146104,0.004776444016897363,-0.11259406831376553,0.16885757556913494
2017-05-12,-0.008945697432389786,-0.0006868360584768585,-0.12153976574615533,0.16817073951065808
2017-05-15,0.00574005981343158,-0.01817825856948263,-0.11579970593272375,0.14999248094117545
2017-05-16,-0.0056107668680558855,0.0036868431882495223,-0.12141047280077963,0.15367932412942498
2017-05-17,-0.012021634943691937,0.00676749573068669,-0.13343210774447156,0.16044681986011167
2017-05-18,-0.00185001774067662,0.005160114706536767,-0.13528212548514817,0.16560693456664843
2017-05-19,-0.005163337793777731,0.0018379127993919386,-0.1404454632789259,0.16744484736604037
2017-05-22,-0.00167900662851656,0.0024891386829661855,-0.14212446990744246,0.16993398604900656
2017-05-23,-0.0021659497097370603,0.004441875070184231,-0.1442904196171795,0.1743758611191908
2017-05-24,0.002497532542921985,0.0003105500047617671,-0.14179288707425752,0.17468641112395256
2017-05-25,-0.0034506387032462904,-0.0012045599423798903,-0.14524352577750382,0.17348185118157267
2017-05-26,0.0029268800099392853,-0.00046002544645251664,-0.14231664576756453,0.17302182573512015
2017-05-30,0.0069704611889807935,0.007571108715482167,-0.13534618457858374,0.18059293445060232
2017-05-31,-0.01179488906484988,0.003707727381216941,-0.14714107364343362,0.18430066183181926
2017-06-01,0.0011314996783490803,-0.0012176772294358873,-0.14600957396508454,0.18308298460238337
2017-06-02,0.006500228684198376,-0.0027790320594393014,-0.13950934528088615,0.18030395254294407
2017-06-05,-0.010704838235756697,0.001568333655781684,-0.15021418351664284,0.18187228619872575
2017-06-06,-0.00046661265821373583,0.0002671445128517025,-0.15068079617485658,0.18213943071157745
2017-06-07,0.017398932066158397,-0.0008299812227020587,-0.1332818641086982,0.1813094494888754
2017-06-08,0.00863195968805769,-0.000978710980068076,-0.1246499044206405,0.18033073850880732
2017-06-09,-0.0017963199610035502,0.004511420562363311,-0.12644622438164405,0.18484215907117063
2017-06-12,-0.0051258657375987575,-0.0009957588050893973,-0.1315720901192428,0.18384640026608123
2017-06-13,-0.00031235782578163505,-0.002239614097263254,-0.13188444794502444,0.18160678616881798
2017-06-14,-0.00147360821744147,0.00028366345181418673,-0.1333580561624659,0.18189044962063217
2017-06-15,-0.0006860335011435501,0.00834720424141544,-0.13404408966360945,0.1902376538620476
2017-06-16,-0.00543689560051197,-0.006696665117833511,-0.13948098526412142,0.1835409887442141
2017-06-19,-0.00891555830390082,-0.0005826764545369123,-0.14839654356802223,0.18295831228967718
2017-06-20,-0.000523883648919025,-0.00045573798760889517,-0.14892042721694126,0.1825025743020683
2017-06-21,0.002617202776122385,0.0015608954610804027,-0.1463032244408189,0.1840634697631487
2017-06-22,0.007561235091329861,0.00031579379075585834,-0.13874198934948903,0.18437926355390455
2017-06-23,0.0064063286457249164,-0.008072749039592986,-0.13233566070376412,0.17630651451431156
2017-06-26,-0.0030730889715770296,0.0088080417296994,-0.13540874967534117,0.18511455624401096
2017-06-27,0.0011345606726613452,-0.008600027041533398,-0.13427418900267982,0.17651452920247757
2017-06-28,0.00347310030431846,0.0015332479232963436,-0.13080108869836135,0.1780477771257739
2017-06-29,-0.00251105217621828,0.0023107934687074394,-0.13331214087457963,0.18035857059448135
2017-06-30,-0.010405372083648931,0.0014532669688471778,-0.14371751295822854,0.18181183756332853
2017-07-03,0.002087387232711105,-0.00936880791271677,-0.14163012572551745,0.17244302965061176
2017-07-05,-0.00675979111886695,0.006403153854134258,-0.1483899168443844,0.17884618350474601
2017-07-06,-0.0050569324715223655,0.0009277661864273146,-0.15344684931590677,0.17977394969117333
2017-07-07,0.0011974237463121553,-0.0007827208199616686,-0.15224942556959462,0.17899122887121166
2017-07-10,0.00136871441720474,0.007305619802682184,-0.15088071115238988,0.18629684867389384
2017-07-11,0.0022714837490892897,0.00187455233807432,-0.1486092274033006,0.18817140101196816
2017-07-12,0.0008703095970804354,0.0046735271648765675,-0.14773891780622017,0.19284492817684473
2017-07-13,0.002427135550384595,-5.286121491343554e-05,-0.14531178225583558,0.1927920669619313
2017-07-14,-0.005302312018703985,0.0005977699520971491,-0.15061409427453956,0.19338983691402845
2017-07-17,-0.0030353174332239897,0.0053726514969865136,-0.15364941170776356,0.19876248841101496
2017-07-18,-0.0014601854825911202,-0.00015360796821128897,-0.15510959719035466,0.19860888044280367
2017-07-19,-0.0016730482327775003,-0.0003679071741898854,-0.15678264542313217,0.19824097326861378
2017-07-20,-0.0071587373579984305,-0.0010636834995592093,-0.1639413827811306,0.19717728976905458
2017-07-21,0.01312862749871874,0.002923183435833865,-0.15081275528241186,0.20010047320488844
2017-07-24,-0.007104519447728645,0.0002825850883885206,-0.1579172747301405,0.20038305829327696
2017-07-25,0.008264194169746825,-0.0009726252406339064,-0.14965308056039367,0.19941043305264305
2017-07-26,0.003543734403679095,-0.0013411865461215866,-0.1461093461567146,0.19806924650652147
2017-07-27,-0.001681999027222006,-0.0007281258848751415,-0.1477913451839366,0.19734112062164633
2017-07-28,0.0030109176506759754,0.002449095251588762,-0.14478042753326062,0.1997902158732351
2017-07-31,0.004032480903054124,0.0004926605689827834,-0.14074794663020648,0.20028287644221787
2017-08-01,-0.001755787411276155,-0.0021835911800677232,-0.14250373404148264,0.19809928526215015
2017-08-02,0.0019213159679352752,0.0018890363083294837,-0.14058241807354738,0.19998832157047963
2017-08-03,-0.007273534049829105,0.001647266869345021,-0.1478559521233765,0.20163558843982465
2017-08-04,-0.00046465564314869046,-0.002414436638168982,-0.14832060776652517,0.19922115180165567
2017-08-07,-0.00038790654054317525,-0.0003636481179190021,-0.14870851430706836,0.19885750368373667
2017-08-08,-0.0011297920312127198,-0.01447441815345063,-0.14983830633828107,0.18438308553028604
2017-08-09,0.006893577247872995,0.0012755258980974293,-0.1429447290904081,0.18565861142838347
2017-08-10,0.00043003486428313013,0.01004374682548792,-0.14251469422612495,0.1957023582538714
2017-08-11,0.001920064701397535,-0.0004988158193557357,-0.14059462952472743,0.19520354243451565
2017-08-14,-0.004786444537180895,0.0014201029777529683,-0.1453810740619083,0.19662364541226862
2017-08-15,0.007738114349729986,-0.015436913265616137,-0.13764295971217833,0.18118673214665248
2017-08-16,-0.0010179598604738097,-0.0018353833934839914,-0.13866091957265214,0.1793513487531685
2017-08-17,-0.00208533442459808,0.0011626229102676966,-0.14074625399725021,0.1805139716634362
2017-08-18,0.002669828494192145,0.009940824503679613,-0.13807642550305807,0.1904547961671158
2017-08-21,0.0013284355125312952,-0.003453604674394928,-0.13674798999052679,0.18700119149272088
2017-08-22,-0.00374222715615427,-0.002074434133647607,-0.14049021714668106,0.18492675735907327
2017-08-23,0.00365655856575214,0.0016728373042720346,-0.1368336585809289,0.1865995946633453
2017-08-24,-0.0021384068369358603,0.00048709604797259054,-0.13897206541786478,0.1870866907113179
2017-08-25,0.0017586991730307003,0.0008427977612674997,-0.13721336624483407,0.1879294884725854
2017-08-28,-0.0032926700926871853,0.004615133058087695,-0.14050603633752126,0.1925446215306731
2017-08-29,0.0036651484013666353,0.005721051924853171,-0.13684088793615462,0.19826567345552626
2017-08-30,0.0018654327190332598,0.0019824813383773066,-0.13497545521712137,0.20024815479390357
2017-08-31,0.0069980709343340705,-0.007550826754961659,-0.1279773842827873,0.1926973280389419
2017-09-01,-0.0012861846028268953,0.003128750737433128,-0.1292635688856142,0.19582607877637503
2017-09-05,-0.016023261292586986,-0.00017845989113951521,-0.14528683017820118,0.19564761888523552
2017-09-06,0.008274445169542071,-0.001488783416494277,-0.13701238500865912,0.19415883546874124
2017-09-07,0.006687316825920251,0.01083922760346634,-0.13032506818273887,0.20499806307220758
2017-09-08,-0.0006266235691128645,0.003363999180100441,-0.13095169175185173,0.20836206225230802
2017-09-11,-0.0018656500551883907,0.0007570659488558285,-0.1328173418070401,0.20911912820116385
2017-09-12,-0.001816161021447988,-0.0011007176679195263,-0.1346335028284881,0.20801841053324432
2017-09-13,-0.013710239491836947,0.0018472363580994688,-0.14834374232032504,0.2098656468913438
2017-09-14,0.00019804839599251518,0.0014558660603223306,-0.14814569392433252,0.21132151295166612
2017-09-15,0.00666894418299004,0.0011102812845715793,-0.14147674974134247,0.2124317942362377
2017-09-18,0.0009258566060410154,0.0006343127281429606,-0.14055089313530145,0.21306610696438066
2017-09-19,0.0031143131850956403,-0.003045960514145296,-0.1374365799502058,0.21002014645023537
2017-09-20,0.0024845871783380504,0.0006478445173156988,-0.13495199277186776,0.21066799096755107
2017-09-21,0.0006998772526271796,-0.002222026840165925,-0.13425211551924057,0.20844596412738514
2017-09-22,-0.0009314839884410402,7.209632068461147e-05,-0.1351835995076816,0.20851806044806975
2017-09-25,0.00252025772420153,0.004085163646849521,-0.13266334178348008,0.21260322409491927
2017-09-26,0.00382187804446725,0.0012046078243665992,-0.12884146373901284,0.21380783191928587
2017-09-27,-0.003789666634411341,0.0037050907149631662,-0.1326311303734242,0.21751292263424904
2017-09-28,0.00195092435735148,0.0038739997459671383,-0.13068020601607272,0.22138692238021618
2017-09-29,-0.00459943949503576,0.002158853672423522,-0.1352796455111085,0.2235457760526397
2017-10-02,0.0014388746399184,0.0012467548864110167,-0.1338407708711901,0.22479253093905072
2017-10-03,-0.0015035544576267076,0.005646756562926125,-0.1353443253288168,0.23043928750197684
2017-10-04,-0.00308587871273044,-0.0010736382622734686,-0.13843020404154724,0.22936564923970337
2017-10-05,0.00045502156961794874,-0.001804395664743219,-0.1379751824719293,0.22756125357496015
2017-10-06,0.0022854453185518,0.002322446782173193,-0.1356897371533775,0.22988370035713335
2017-10-09,-0.005427846931580581,0.001803468933287311,-0.1411175840849581,0.23168716929042066
2017-10-10,-0.007138546912339895,-0.0016867300136190755,-0.14825613099729798,0.23000043927680158
2017-10-11,0.002212310019880915,0.0008781111202582625,-0.14604382097741705,0.23087855039705985
2017-10-12,-0.005131601070804255,0.0017507647356032052,-0.15117542204822132,0.23262931513266305
2017-10-13,0.00288287662844691,0.0006724949562879612,-0.1482925454197744,0.233301810088951
2017-10-16,0.0030016942455848503,0.0007423730932734074,-0.14529085117418955,0.23404418318222442
2017-10-17,0.0050765083350921,0.0003279635804251946,-0.14021434283909745,0.2343721467626496
2017-10-18,0.0010741667104113598,0.005116896296007312,-0.1391401761286861,0.23948904305865693
2017-10-19,0.0013609896912693798,-0.0039724915637947555,-0.1377791864374167,0.23551655149486217
2017-10-20,-0.004715136116588816,0.0016179463387628878,-0.14249432255400551,0.23713449783362506
2017-10-23,0.00178740908709632,-0.004663057143858063,-0.1407069134669092,0.232471440689767
2017-10-24,-0.01181412400544932,0.0012709461705413538,-0.1525210374723585,0.23374238686030835
2017-10-25,0.0014972823116136198,0.008072957350414134,-0.1510237551607449,0.24181534421072248
2017-10-26,0.008027729329352765,-0.0031924744388955872,-0.14299602583139215,0.2386228697718269
2017-10-27,0.003672088878045859,0.0009444852555358096,-0.1393239369533463,0.2395673550273627
2017-10-30,-0.00312227358023059,0.001592072256781707,-0.1424462105335769,0.2411594272841444
2017-10-31,-0.005227558154312873,0.00018996960486306058,-0.14767376868788976,0.24134939688900747
2017-11-01,-0.002728817782551145,0.0030970792875555375,-0.1504025864704409,0.244446476176563
2017-11-02,0.008472847836887015,0.0012713305304810074,-0.1419297386335539,0.24571780670704402
2017-11-03,-0.0003458821022973801,-0.00018910668318461443,-0.1422756207358513,0.2455287000238594
2017-11-06,-0.0006845791791105602,0.0014436587098169973,-0.14296019991496184,0.2469723587336764
2017-11-07,0.007396837735709205,-0.003761977813581785,-0.13556336217925263,0.24321038092009462
2017-11-08,0.00040384448380087506,-0.0008976174447306029,-0.13515951769545176,0.242312763475364
2017-11-09,-0.0022859760931197405,0.0009836192541532451,-0.1374454937885715,0.24329638272951726
2017-11-10,0.0008247961156472889,-0.002309620711533511,-0.1366206976729242,0.24098676201798375
2017-11-13,0.001808484628816915,-0.005525675974360822,-0.1348122130441073,0.23546108604362292
2017-11-14,-0.0028423751947276457,0.008196146017733552,-0.13765458823883495,0.24365723206135648
2017-11-15,0.0050448044636478605,-0.0026260422951377427,-0.1326097837751871,0.24103118976621873
2017-11-16,-0.00022833776309962508,0.001275762452255913,-0.13283812153828672,0.24230695221847465
2017-11-17,-0.0005999652660735651,0.006541086075890767,-0.13343808680436028,0.24884803829436541
2017-11-20,0.00300545728475304,-0.0007502799121211767,-0.13043262951960724,0.24809775838224424
2017-11-21,-0.005467864164068361,0.002056155374497548,-0.1359004936836756,0.2501539137567418
2017-11-22,-0.0037664001387615375,-0.0003842577293442506,-0.13966689382243713,0.24976965602739754
2017-11-24,0.0024681677330375806,0.00984846737551015,-0.13719872608939956,0.2596181234029077
2017-11-27,0.014810110760291083,-0.00036923685973555553,-0.12238861532910848,0.25924888654317213
2017-11-28,8.522246756051464e-05,0.008190946928299692,-0.12230339286154797,0.2674398334714718
2017-11-29,0.00054050038934054,-0.00202449028924534,-0.12176289247220742,0.2654153431822265
2017-11-30,-0.00823322569674696,-0.0010521455442770167,-0.12999611816895437,0.26436319763794947
2017-12-01,0.0038452531943446206,-0.003739429575970621,-0.12615086497460976,0.26062376806197884
2017-12-04,0.008681351850569535,-0.00011408709408766704,-0.11746951312404022,0.2605096809678912
2017-12-05,0.005265622187119825,0.0029323728639507607,-0.11220389093692039,0.26344205383184194
2017-12-06,-0.007113017121334525,0.005506298872194781,-0.11931690805825491,0.2689483527040367
2017-12-07,0.01083983773862584,0.0032019611540636816,-0.10847707031962907,0.2721503138581004
2017-12-08,-0.009775889022140626,0.0015488780033008354,-0.11825295934176969,0.27369919186140124
2017-12-11,0.0037295868472774704,-0.0004729534441145766,-0.11452337249449221,0.27322623841728666
2017-12-12,0.0005552633420771551,-0.004070826370242253,-0.11396810915241505,0.2691554120470444
2017-12-13,-0.005179745542902711,0.008974325134520456,-0.11914785469531776,0.27812973718156486
2017-12-14,0.00077930442318346,0.005362862086620401,-0.1183685502721343,0.28349259926818526
2017-12-15,-0.0012239955043608249,-0.003230291135099761,-0.11959254577649513,0.2802623081330855
2017-12-18,-0.00040580454149522036,-0.0008279040973793172,-0.11999835031799035,0.2794344040357062
2017-12-19,-0.00140762992280957,0.0019856303069889503,-0.12140598024079992,0.28142003434269514
2017-12-20,0.00211554997062521,-0.0004581739347455649,-0.1192904302701747,0.28096186040794957
2017-12-21,-0.00305367073222111,-0.0010583824636460903,-0.12234410100239582,0.2799034779443035
2017-12-22,0.0038174850456964803,0.00079089722066783,-0.11852661595669933,0.2806943751649713
2017-12-26,0.0007701496037521451,0.0018340279279212002,-0.11775646635294719,0.2825284030928925
2017-12-27,0.002481608620567025,-0.005183178668968558,-0.11527485773238016,0.27734522442392395
2017-12-28,-0.005319533439747706,0.008303380074131894,-0.12059439117212788,0.28564860449805585
2017-12-29,-0.00493994927300736,0.006398818907860759,-0.12553434044513523,0.2920474234059166
2018-01-02,-0.005728260515355256,0.004028661363921104,-0.13126260096049047,0.2960760847698377
2018-01-03,-0.006080989616797466,0.007033799683552555,-0.13734359057728793,0.30310988445339027
2018-01-04,-0.0011130556408385952,0.0016623225124401397,-0.13845664621812653,0.3047722069658304
2018-01-05,-0.01019479352556496,0.0013029031448006378,-0.1486514397436915,0.30607511011063104
2018-01-08,-0.0012403552380212599,-0.0011122055472160275,-0.14989179498171276,0.304962904563415
2018-01-09,0.00017858164291463508,0.007033618001404562,-0.14971321333879814,0.3119965225648196
2018-01-10,-0.01134906324249771,0.006749627831013516,-0.16106227658129585,0.3187461503958331
2018-01-11,0.001624806618234192,-0.0035244630756861017,-0.15943746996306166,0.315221687320147
2018-01-12,-0.002854802398685695,0.009415002053003496,-0.16229227236174734,0.3246366893731505
2018-01-16,-0.002681093817279725,-0.001616379310344751,-0.16497336617902705,0.32302031006280574
2018-01-17,0.0018539507701171454,0.004385228178396927,-0.1631194154089099,0.32740553824120266
2018-01-18,0.0023042639610382698,0.008066754439027823,-0.16081515144787162,0.3354722926802305
2018-01-19,0.00200901711611236,0.002174396481431362,-0.15880613433175925,0.33764668916166185
2018-01-22,0.0008024721652075053,-0.0005600307136341964,-0.15800366216655173,0.33708665844802765
2018-01-23,-0.0021664435822779105,0.0006026346765155566,-0.16017010574882964,0.3376892931245432
2018-01-24,0.00452141321585589,0.011841155234656897,-0.15564869253297375,0.3495304483592001
2018-01-25,-0.004142379395968266,-0.006731944014173874,-0.159791071928942,0.34279850434502623
2018-01-26,0.0006050124364987997,-0.010898781509218525,-0.15918605949244322,0.3318997228358077
2018-01-29,-0.0017798567571102402,0.0004889403811609849,-0.16096591624955345,0.3323886632169687
2018-01-30,0.000701925440883945,-0.0006480605989779287,-0.16026399080866952,0.33174060261799077
2018-01-31,0.002082634352343615,-0.021208513171602883,-0.1581813564563259,0.3105320894463879
2018-02-01,0.003969845443510605,-0.040979244278871785,-0.15421151101281527,0.2695528451675161
2018-02-02,0.0032242102295442655,0.017440938639606607,-0.150987300783271,0.2869937838071227
2018-02-05,-0.0067570124484101005,-0.0050015954644285765,-0.1577443132316811,0.28199218834269413
